1,Agoo,NAF840
2,Agoo,AAC230
3,Agoo,AAH380
4,Agoo,ABH390
5,Agoo,ABJ300
6,Agoo,ABJ520
7,Agoo,ABP340
8,Agoo,ABT310
9,Agoo,ABU490
10,Agoo,ACG580
11,Agoo,ACR560
12,Agoo,ACR850
13,Agoo,ACT510
14,Agoo,ACT570
15,Agoo,ACV790
16,Agoo,ACW760
17,Agoo,ADB820
18,Agoo,ADD390
19,Agoo,ADF130
20,Agoo,ADL790
21,Agoo,ADT730
22,Agoo,ADT760
23,Agoo,ADU530
24,Agoo,ADW650
25,Agoo,ADW850
26,Agoo,ADX370
27,Agoo,ADX440
28,Agoo,ADZ810
29,Agoo,AEC790
30,Agoo,AEE580
31,Agoo,AEH170
32,Agoo,AEH880
33,Agoo,AEH940
34,Agoo,AEK150
35,Agoo,AEK270
36,Agoo,AEK500
37,Agoo,AEN220
38,Agoo,AEN370
39,Agoo,AEN620
40,Agoo,AEP410
41,Agoo,AER300
42,Agoo,AER670
44,Agoo,AER770
45,Agoo,AER850
46,Agoo,AES480
47,Agoo,AES940
48,Agoo,AET510
49,Agoo,AEV190
50,Agoo,AEV210
51,Agoo,AEV270
52,Agoo,AEV330
53,Agoo,AEV470
54,Agoo,AEE580
55,Agoo,AEH170
56,Agoo,AEH880
57,Agoo,AEH940
58,Agoo,AEK150
59,Agoo,AEK270
60,Agoo,AEK500
61,Agoo,AEN220
62,Agoo,AEN370
63,Agoo,AEN620
64,Agoo,AEP410
65,Agoo,AER300
66,Agoo,AER670
67,Agoo,AER770
68,Agoo,AER850
69,Agoo,AES480
70,Agoo,AES940
71,Agoo,AET510
72,Agoo,AEV190
73,Agoo,AEV210
74,Agoo,AEV270
75,Agoo,AEV330
76,Agoo,AEV470
77,Agoo,AEW320
78,Agoo,AEX650
79,Agoo,AEX730
80,Agoo,AEX840
81,Agoo,AEY540
82,Agoo,AEZ940
83,Agoo,AEZ250
84,Agoo,AEZ270
85,Agoo,AEZ 290
86,Agoo,AFA520
87,Agoo,AFB610
88,Agoo,AFB690
89,Agoo,AFC360
90,Agoo,AFC420
91,Agoo,AFC500
92,Agoo,AHA140
93,Agoo,AHC370
94,Agoo,AHH800
95,Agoo,AHH950
96,Agoo,AHJ710
97,Agoo,AHL200
98,Agoo,AJA800
99,Agoo,AVB210
100,Agoo,AWA680
101,Agoo,BBK280
102,Agoo,BBK330
103,Agoo,BCK810
104,Agoo,BDA270
105,Agoo,BDD730
106,Agoo,BDP970
107,Agoo,BDV860
108,Agoo,BDX750
109,Agoo,BDY890
110,Agoo,BEB550
111,Agoo,BEF790
112,Agoo,BEL980
113,Agoo,BER440
114,Agoo,BEW540
115,Agoo,CHK900
116,Agoo,CKP310
117,Agoo,CLJ550
118,Agoo,CLV350
119,Agoo,CLW800
120,Agoo,CMR990
121,Agoo,CMW710
122,Agoo,CMX180
123,Agoo,CNZ440
124,Agoo,CPC330
125,Agoo,CRU810
126,Agoo,CSL540
127,Agoo,CSZ700
128,Agoo,CTV330
129,Agoo,DDG580
130,Agoo,DGJ 810
131,Agoo,DHP620
132,Agoo,DJK480
133,Agoo,DKM970
134,Agoo,BDP970
135,Agoo,BDV860
136,Agoo,BDX750
137,Agoo,BDY890
138,Agoo,BEB550
139,Agoo,BEF790
140,Agoo,BEL980
141,Agoo,BER440
142,Agoo,BEW540
143,Agoo,CHK900
144,Agoo,CKP310
145,Agoo,CLJ550
146,Agoo,CLV350
147,Agoo,CLW800
148,Agoo,CMR990
149,Agoo,CMW710
150,Agoo,CMX180
151,Agoo,CNZ440
152,Agoo,CPC330
153,Agoo,CRU810
154,Agoo,CSL540
155,Agoo,CSZ700
156,Agoo,CTV330
157,Agoo,DDG580
158,Agoo,DGJ 810
159,Agoo,DHP620
160,Agoo,DJK480
161,Agoo,DKM970
162,Agoo,DKV900
163,Agoo,DMN800
164,Agoo,DNN700
165,Agoo,DPK520
166,Agoo,DRC570
167,Agoo,DRJ180
168,Agoo,DRJ680
169,Agoo,DSN950
170,Agoo,DSP250
171,Agoo,EBL910
172,Agoo,EBR200
173,Agoo,JGJ770
174,Agoo,LCB670
175,Agoo,MRL270
176,Agoo,NAF840
177,Agoo,NBI680
178,Agoo,NDI710
179,Agoo,NEQ250
180,Agoo,NFO340
181,Agoo,NFQ970
182,Agoo,NGO120
183,Agoo,NID250
184,Agoo,NIG230
185,Agoo,NIU180
186,Agoo,NNQ540
187,Agoo,NMP550
188,Agoo,NOQ210
189,Agoo,NPI750
190,Agoo,NWI110
191,Agoo,PDO380
192,Agoo,PDQ490
193,Agoo,PEQ700
194,Agoo,PEQ800
195,Agoo,PHC540
196,Agoo,PHT830
197,Agoo,PIJ780
198,Agoo,PIO840
199,Agoo,PIS620
200,Agoo,PIU210
201,Agoo,PJS 740
202,Agoo,PLN120
203,Agoo,PLT480
204,Agoo,PND210
205,Agoo,PNQ420
206,Agoo,PNV270
207,Agoo,POK210
208,Agoo,POO830
209,Agoo,PPB210
210,Agoo,PPQ310
211,Agoo,PPZ570
212,Agoo,PQB180
213,Agoo,PQI360
214,Agoo,PQQ460
215,Agoo,PRZ420
216,Agoo,PSJ950
217,Agoo,PSQ940
218,Agoo,PST390
219,Agoo,PST900
220,Agoo,PTD910
221,Agoo,PTM780
222,Agoo,PUO780
223,Agoo,PVM570
224,Agoo,PYY270
225,Agoo,RAC610
226,Agoo,RAE610
227,Agoo,RAJ860
228,Agoo,RAK630
229,Agoo,RAN330
230,Agoo,RBC170
231,Agoo,RBE190
232,Agoo,RBL480
233,Agoo,RBP360
234,Agoo,RBT270
235,Agoo,RBT290
236,Agoo,RBT580
237,Agoo,RBV940
238,Agoo,RBV980
239,Agoo,RCD220
240,Agoo,RCJ300
241,Agoo,RDJ890
242,Agoo,RDM490
243,Agoo,RDP 840
244,Agoo,REC280
245,Agoo,REL590
246,Agoo,RET170
247,Agoo,RFP780
248,Agoo,RFT720
249,Agoo,RGN570
250,Agoo,RGT220
251,Agoo,RGT380
252,Agoo,RHB450
253,Agoo,RHC730
254,Agoo,RHC990
255,Agoo,RHK270
256,Agoo,RJE280
257,Agoo,RJN430
258,Agoo,RKL980
259,Agoo,RKN760
260,Agoo,RKT720
261,Agoo,RKX300
262,Agoo,RKX970
263,Agoo,RKY760
264,Agoo,RKY930
265,Agoo,RLK220
266,Agoo,RMP690
267,Agoo,RNG320
268,Agoo,RNG650
269,Agoo,RNG770
270,Agoo,TAQ840
271,Agoo,TBH470
272,Agoo,TCG630
273,Agoo,TCI150
274,Agoo,TCT760
275,Agoo,TDC540
276,Agoo,TDQ770
277,Agoo,TEU250
278,Agoo,TEX420
279,Agoo,TEZ390
280,Agoo,TFP620
281,Agoo,TFT760
282,Agoo,TFV890
283,Agoo,TGH300
284,Agoo,TGO470
285,Agoo,TGO570
286,Agoo,THF 480
287,Agoo,THG580
288,Agoo,THH500
289,Agoo,THP690
290,Agoo,THQ690
291,Agoo,TIF880
292,Agoo,TIZ720
293,Agoo,TJC820
294,Agoo,TJJ230
295,Agoo,TJR750
296,Agoo,TKQ780
297,Agoo,TKQ790
298,Agoo,TKU790
299,Agoo,TLN460
300,Agoo,TMC760
301,Agoo,TMX290
302,Agoo,TMY320
303,Agoo,TNF200
304,Agoo,TNF450
305,Agoo,TNF780
306,Agoo,TNS960
307,Agoo,TNU210
308,Agoo,TNV530
309,Agoo,TOE630
310,Agoo,TOO300
311,Agoo,TPK240
312,Agoo,TQP930
313,Agoo,TQR580
314,Agoo,TQW410
315,Agoo,TRS790
316,Agoo,TRU940
317,Agoo,TRV230
318,Agoo,TSC770
319,Agoo,TSK550
320,Agoo,TSQ750
321,Agoo,TST710
322,Agoo,TSU860
323,Agoo,TTU550
324,Agoo,TTX960
325,Agoo,TTY660
326,Agoo,TTZ980
327,Agoo,TZO670
328,Agoo,TZQ240
329,Agoo,UAG970
330,Agoo,UAJ 110
331,Agoo,UAK480
332,Agoo,UAP330
333,Agoo,UBJ900
334,Agoo,UBN380
335,Agoo,UBN490
336,Agoo,UBO960
337,Agoo,UBO970
338,Agoo,UBT620
339,Agoo,UBW990
340,Agoo,UCA490
341,Agoo,UCT600
342,Agoo,UDM810
343,Agoo,UDU790
344,Agoo,UEJ170
345,Agoo,UET460
346,Agoo,UEZ110
347,Agoo,UEZ470
348,Agoo,UFB970
349,Agoo,UFG830
350,Agoo,UFH270
351,Agoo,UFK960
352,Agoo,UFS710
353,Agoo,UFY 420
354,Agoo,UGH770
355,Agoo,UHG300
356,Agoo,UHZ440
357,Agoo,UIB610
358,Agoo,UII850
359,Agoo,UIQ210
360,Agoo,UIR510
361,Agoo,UIR570
362,Agoo,UJC230
363,Agoo,UJN550
364,Agoo,UJT860
365,Agoo,UKK140
366,Agoo,UKK570
367,Agoo,UKK610
368,Agoo,UKT900
369,Agoo,ULD980
370,Agoo,ULE940
371,Agoo,UMR600
372,Agoo,UMV510
373,Agoo,UNA610
374,Agoo,UNB720
375,Agoo,UNN390
376,Agoo,UNU390
377,Agoo,UPE180
378,Agoo,UPQ730
379,Agoo,UPU870
380,Agoo,UPV900
381,Agoo,URB980
382,Agoo,URH110
383,Agoo,URP350
384,Agoo,URR390
385,Agoo,URS340
386,Agoo,URX660
387,Agoo,URZ840
388,Agoo,USD390
389,Agoo,USI110
390,Agoo,USP870
391,Agoo,USW450
392,Agoo,USY480
393,Agoo,UTA130
394,Agoo,UTB310
395,Agoo,UTI790
396,Agoo,UUD180
397,Agoo,UUG330
398,Agoo,UUR270
399,Agoo,UXQ430
400,Agoo,VAC460
401,Agoo,VAD650
402,Agoo,VAZ910
403,Agoo,VBK850
404,Agoo,VCR280
405,Agoo,VDL690
406,Agoo,VDP400
407,Agoo,VEL140
408,Agoo,WAG320
409,Agoo,WAU260
410,Agoo,WAU990
411,Agoo,WAY780
412,Agoo,WBH600
413,Agoo,WBV590
414,Agoo,WBZ470
415,Agoo,WDF320
416,Agoo,WDM 320
417,Agoo,WDN210
418,Agoo,WDW630
419,Agoo,WEA920
420,Agoo,WEI830
421,Agoo,WEK230
422,Agoo,WEL400
423,Agoo,WEL710
424,Agoo,WEP330
425,Agoo,WFJ560
426,Agoo,WFS600
427,Agoo,WFX610
428,Agoo,WFX730
429,Agoo,WGC170
430,Agoo,WGC780
431,Agoo,WGE290
432,Agoo,WGY510
433,Agoo,WIG460
434,Agoo,WJD380
435,Agoo,WKF730
436,Agoo,WKH360
437,Agoo,WKN700
438,Agoo,WKY770
439,Agoo,WLF670
440,Agoo,WLG410
441,Agoo,WLG620
442,Agoo,WMA300
443,Agoo,WME930
444,Agoo,WMH240
445,Agoo,WML120
446,Agoo,WMP230
447,Agoo,WNA610
448,Agoo,WPE440
449,Agoo,WPE850
450,Agoo,WPU320
451,Agoo,WPW630
452,Agoo,WPX870
453,Agoo,WRG560
454,Agoo,WSE140
455,Agoo,WSE770
456,Agoo,WSK590
457,Agoo,WSL440
458,Agoo,WSM400
459,Agoo,WST430
460,Agoo,WSX160
461,Agoo,WSX690
462,Agoo,WSZ600
463,Agoo,WTT230
464,Agoo,XAA670
465,Agoo,XAB660
466,Agoo,XAL610
467,Agoo,XAX170
468,Agoo,XBD970
469,Agoo,XBH820
470,Agoo,XBM380
471,Agoo,XBN870
472,Agoo,XBY830
473,Agoo,XCG490
474,Agoo,XCG560
475,Agoo,XCH660
476,Agoo,XCH720
477,Agoo,XCW180
478,Agoo,XDS190
479,Agoo,XDX310
480,Agoo,XEG420
481,Agoo,XEK350
482,Agoo,XEL810
483,Agoo,XER960
484,Agoo,XGE290
485,Agoo,XGS560
486,Agoo,XGZ410
487,Agoo,XHF310
488,Agoo,XHG850
489,Agoo,XHR600
490,Agoo,XHU450
491,Agoo,XJE140
492,Agoo,XJG370
493,Agoo,XJG540
494,Agoo,XJN840
495,Agoo,XKJ570
496,Agoo,XKV420
497,Agoo,XLA340
498,Agoo,XLC 560
499,Agoo,XLR160
500,Agoo,XLV430
501,Agoo,XMX780
502,Agoo,XMY150
503,Agoo,XNA540
504,Agoo,XNC820
505,Agoo,XND420
506,Agoo,XNN980
507,Agoo,XNR140
508,Agoo,XNS760
509,Agoo,XNZ330
510,Agoo,XPN950
511,Agoo,XPP210
512,Agoo,XRS960
513,Agoo,XSS950
514,Agoo,XSX540
515,Agoo,XTU350
516,Agoo,YAA830
517,Agoo,YHZ380
518,Agoo,ZAC870
519,Agoo,ZAG300
520,Agoo,ZAM850
521,Agoo,ZAN250
522,Agoo,ZAW360
523,Agoo,ZAX960
524,Agoo,ZBD760
525,Agoo,ZBV170
526,Agoo,ZCK530
527,Agoo,ZCL860
528,Agoo,ZCZ660
529,Agoo,ZDU770
530,Agoo,ZED540
531,Agoo,ZEE640
532,Agoo,ZEJ540
533,Agoo,ZEW540
534,Agoo,ZFG430
535,Agoo,ZFW120
536,Agoo,ZFW140
537,Agoo,ZFX140
538,Agoo,ZGG270
539,Agoo,ZHC880
540,Agoo,ZJE850
541,Agoo,ZJZ870
542,Agoo,ZKP940
543,Agoo,ZKU540
544,Agoo,ZKU660
545,Agoo,ZLE210
546,Agoo,ZLM910
547,Agoo,ZMX270
548,Agoo,ZMZ930
549,Agoo,ZNV540
550,Agoo,ZPD360
551,Agoo,ZPD680
552,Agoo,ZPG790
553,Agoo,ZPN410
554,Agoo,ZPN430
555,Agoo,ZRB450
556,Agoo,ZRP630
557,Agoo,ZRP730
558,Agoo,ZRX520
559,Agoo,ZSC340
560,Agoo,ZSR630
561,Agoo,ZSY880
562,Agoo,ZTD170
563,Agoo,PDB361
564,Agoo,PJY751
565,Agoo,RBC671
566,Agoo,TKA641
567,Agoo,WCD891
568,Agoo,XAM921
569,Agoo,CJZ831
570,Agoo,WCD891
571,Agoo,XAM921
572,Agoo,CJZ831
573,Agoo,NNN562
574,Agoo,NNN562
575,Agoo,WMX95
576,Agoo,AAC317
577,Agoo,ACS697
578,Agoo,ACY277
579,Agoo,ADP197
580,Agoo,ADW837
581,Agoo,ADY277
582,Agoo,ADY797
583,Agoo,AEJ907
584,Agoo,AER457
585,Agoo,AER557
586,Agoo,AET227
587,Agoo,BBS147
588,Agoo,BEM937
589,Agoo,CCU477
590,Agoo,CLP117
591,Agoo,CNS667
592,Agoo,CPE827
593,Agoo,CRF977
594,Agoo,CSN637
595,Agoo,CSY627
596,Agoo,CTR947
597,Agoo,CTU517
598,Agoo,DBC227
599,Agoo,DLF997
600,Agoo,BBS147
601,Agoo,BEM937
602,Agoo,CCU477
603,Agoo,CLP117
604,Agoo,CNS667
605,Agoo,CPE827
606,Agoo,CRF977
607,Agoo,CSN637
608,Agoo,CSY627
609,Agoo,CTR947
610,Agoo,CTU517
611,Agoo,DBC227
612,Agoo,DLF997
613,Agoo,DRA397
614,Agoo,DRV577
615,Agoo,EBT427
616,Agoo,GTF817
617,Agoo,HLT317
618,Agoo,LDN927
619,Agoo,NFU527
620,Agoo,NIE817
621,Agoo,NII527
622,Agoo,NJM987
623,Agoo,NYZ177
624,Agoo,PDV517
625,Agoo,PFV857
626,Agoo,PQB417
627,Agoo,PTB827
628,Agoo,PWK387
629,Agoo,RAD847
630,Agoo,RAH127
631,Agoo,RBJ307
632,Agoo,RBP897
633,Agoo,RBV797
634,Agoo,RDE527
635,Agoo,REL687
636,Agoo,PQB417
637,Agoo,PTB827
638,Agoo,PWK387
639,Agoo,RAD847
640,Agoo,RAH127
641,Agoo,RBJ307
642,Agoo,RBP897
643,Agoo,RBV797
644,Agoo,RDE527
645,Agoo,REL687
646,Agoo,RHW357
647,Agoo,RMV717
648,Agoo,RYN777
649,Agoo,RYU777
650,Agoo,TFF927
651,Agoo,TJA357
652,Agoo,TJT147
653,Agoo,TJT757
654,Agoo,TPT237
655,Agoo,TRA787
656,Agoo,TRP587
657,Agoo,TRT937
658,Agoo,TTF597
659,Agoo,TXD627
660,Agoo,UBG497
661,Agoo,UCK917
662,Agoo,UDU597
663,Agoo,UFW957
664,Agoo,UGP497
665,Agoo,UGV807
666,Agoo,UGY687
667,Agoo,UJK977
668,Agoo,UKJ517
669,Agoo,UMS417
670,Agoo,UMX367
671,Agoo,USL237
672,Agoo,UTB567
673,Agoo,UTZ547
674,Agoo,VAG547
675,Agoo,WAF587
676,Agoo,WAZ897
677,Agoo,WBB257
678,Agoo,WDE997
679,Agoo,WFA877
680,Agoo,WFH867
681,Agoo,WGX127
682,Agoo,WHD567
683,Agoo,WJT307
684,Agoo,WLA957
685,Agoo,WLV477
686,Agoo,WMV917
687,Agoo,WNN367
688,Agoo,WNP587
689,Agoo,WPH207
690,Agoo,WPH357
691,Agoo,WRB927
692,Agoo,WSL297
693,Agoo,WTF347
694,Agoo,XBK577
695,Agoo,XEB117
696,Agoo,XGN437
697,Agoo,XKF687
698,Agoo,XKV417
699,Agoo,XLM757
700,Agoo,XNC437
701,Agoo,XTP247
702,Agoo,ZCJ737
703,Agoo,ZFD647
704,Agoo,ZHD387
705,Agoo,ZMN557
706,Agoo,ACS408
707,Agoo,ACW508
708,Agoo,ACZ898
709,Agoo,ADA538
710,Agoo,ADB778
711,Agoo,ADG578
712,Agoo,ADK938
713,Agoo,ADL158
714,Agoo,ADR728
715,Agoo,ADV498
716,Agoo,ADV598
717,Agoo,ADY618
718,Agoo,AEE778
719,Agoo,AEG658
720,Agoo,AEH898
721,Agoo,AET168
722,Agoo,ADV598
723,Agoo,ADY618
724,Agoo,AEE778
725,Agoo,AEG658
726,Agoo,AEH898
727,Agoo,AET168
728,Agoo,AEV718
729,Agoo,AFC968
730,Agoo,AFK888
731,Agoo,AHB688
732,Agoo,AHC388
733,Agoo,AHD108
734,Agoo,BCE148
735,Agoo,BDB688
736,Agoo,BDP818
737,Agoo,BEB358
738,Agoo,BEK818
739,Agoo,BEM818
740,Agoo,CAN968
741,Agoo,CHM968
742,Agoo,CJW208
743,Agoo,CKR838
744,Agoo,CMK348
745,Agoo,CPB778
746,Agoo,BCE148
747,Agoo,BDB688
748,Agoo,BDP818
749,Agoo,BEB358
750,Agoo,BEK818
751,Agoo,BEM818
752,Agoo,CAN968
753,Agoo,CHM968
754,Agoo,CJW208
755,Agoo,CKR838
756,Agoo,CMK348
757,Agoo,CPB778
758,Agoo,CRS658
759,Agoo,CTC348
760,Agoo,CTF918
761,Agoo,CTV728
762,Agoo,DAE968
763,Agoo,DJC318
764,Agoo,DKX498
765,Agoo,DLX898
766,Agoo,DTP928
767,Agoo,EJO888
768,Agoo,FGZ888
769,Agoo,KFW998
770,Agoo,MJP888
771,Agoo,NHQ898
772,Agoo,NIJ518
773,Agoo,NIX648
774,Agoo,NNO958
775,Agoo,NPI768
776,Agoo,NWA188
777,Agoo,PAI848
778,Agoo,PEE688
779,Agoo,PIA968
780,Agoo,PIH968
781,Agoo,PLG738
782,Agoo,PLV258
783,Agoo,PMJ628
784,Agoo,PPA978
785,Agoo,PSB478
786,Agoo,PSF718
787,Agoo,PSW638
788,Agoo,PSW818
789,Agoo,PTR478
790,Agoo,PTS668
791,Agoo,RAF548
792,Agoo,RBH848
793,Agoo,RCH378
794,Agoo,RCM108
795,Agoo,RCR818
796,Agoo,RCZ518
797,Agoo,RDM678
798,Agoo,REL998
799,Agoo,RGB278
800,Agoo,RHP398
801,Agoo,RJB828
802,Agoo,RKC808
803,Agoo,RKG548
804,Agoo,RKJ548
805,Agoo,TAX878
806,Agoo,TBD568
807,Agoo,TCB198
808,Agoo,TCP298
809,Agoo,TCT388
810,Agoo,TDK108
811,Agoo,TEB748
812,Agoo,TEN128
813,Agoo,TET328
814,Agoo,TGB728
815,Agoo,TGN848
816,Agoo,TGP968
817,Agoo,TGV638
818,Agoo,THK108
819,Agoo,TIQ258
820,Agoo,TKV818
821,Agoo,TMD828
822,Agoo,TMG278
823,Agoo,TMJ798
824,Agoo,TNE938
825,Agoo,TNT668
826,Agoo,TPN978
827,Agoo,TPV668
828,Agoo,TPY118
829,Agoo,TQO948
830,Agoo,TRF808
831,Agoo,TRR898
832,Agoo,TRY408
833,Agoo,TSE508
834,Agoo,TYB888
835,Agoo,UAV268
836,Agoo,UBB588
837,Agoo,UBB598
838,Agoo,UBE568
839,Agoo,UBG848
840,Agoo,UBH528
841,Agoo,UBX738
842,Agoo,UED408
843,Agoo,UFX728
844,Agoo,UGJ468
845,Agoo,UGL518
846,Agoo,UHD388
847,Agoo,UHU428
848,Agoo,UHV128
849,Agoo,UJD948
850,Agoo,UJM698
851,Agoo,UJO188
852,Agoo,UJZ328
853,Agoo,UNS438
854,Agoo,UPD198
855,Agoo,UPF558
856,Agoo,UPW198
857,Agoo,UPZ478
858,Agoo,USU648
859,Agoo,USU878
860,Agoo,UUZ708
861,Agoo,VBK798
862,Agoo,VBZ398
863,Agoo,WAV588
864,Agoo,WBE358
865,Agoo,WDL468
866,Agoo,WEY158
867,Agoo,WFA608
868,Agoo,WFM708
869,Agoo,WFN528
870,Agoo,WFU388
871,Agoo,WHK668
872,Agoo,WHU388
873,Agoo,WHV618
874,Agoo,WJJ138
875,Agoo,WLL468
876,Agoo,WLP258
877,Agoo,WLV228
878,Agoo,WMG878
879,Agoo,WPV208
880,Agoo,WQC238
881,Agoo,WRR588
882,Agoo,WRV958
883,Agoo,WSK478
884,Agoo,WSN668
885,Agoo,WTH248
886,Agoo,WTT648
887,Agoo,WTZ888
888,Agoo,WWZ888
889,Agoo,XAT678
890,Agoo,XAW368
891,Agoo,XAZ618
892,Agoo,XBK528
893,Agoo,XBR798
894,Agoo,XBV688
895,Agoo,XBX978
896,Agoo,XCB388
897,Agoo,XCC428
898,Agoo,XCG558
899,Agoo,XDB978
900,Agoo,XEG388
901,Agoo,XES818
902,Agoo,XEU308
903,Agoo,XFC418
904,Agoo,XFC608
905,Agoo,XFL388
906,Agoo,XGA188
907,Agoo,XGK448
908,Agoo,XGX448
909,Agoo,XHD888
910,Agoo,XJE218
911,Agoo,XKG228
912,Agoo,XKX978
913,Agoo,XLX818
914,Agoo,XMZ628
915,Agoo,XNL598
916,Agoo,XPS718
917,Agoo,XPX108
918,Agoo,XRU768
919,Agoo,XTM648
920,Agoo,YFH888
921,Agoo,YFL828
922,Agoo,ZAK428
923,Agoo,ZBB748
924,Agoo,ZEK408
925,Agoo,ZEN848
926,Agoo,ZGM558
927,Agoo,ZGZ238
928,Agoo,ZHU198
929,Agoo,ZHV658
930,Agoo,ZJA328
931,Agoo,ZJH228
932,Agoo,ZJR348
933,Agoo,ZJV488
934,Agoo,ZNJ308
935,Agoo,ZNM208
936,Agoo,ZNX788
937,Agoo,ZRV488
938,Agoo,ZTD888
939,Agoo,AAC339
940,Agoo,ABP709
941,Agoo,ABY249
942,Agoo,ACG709
943,Agoo,ACW789
944,Agoo,ADB209
945,Agoo,ADB739
946,Agoo,ADG839
947,Agoo,ADN359
948,Agoo,ADP559
949,Agoo,ADT209
950,Agoo,ADT989
951,Agoo,ADV789
952,Agoo,ADW909
953,Agoo,ADZ259
954,Agoo,AEC649
955,Agoo,AEE439
956,Agoo,AEF139
957,Agoo,AEJ939
958,Agoo,ADV789
959,Agoo,ADW909
960,Agoo,ADZ259
961,Agoo,AEC649
962,Agoo,AEE439
963,Agoo,AEF139
964,Agoo,AEJ939
965,Agoo,AEP339
966,Agoo,AES989
967,Agoo,AEX259
968,Agoo,AEX489
969,Agoo,AEY629
970,Agoo,AEZ909
971,Agoo,AHL319
972,Agoo,AHL399
973,Agoo,AHM649
974,Agoo,AVR739
975,Agoo,BDM509
976,Agoo,BDY599
977,Agoo,BEL819
978,Agoo,CJJ269
979,Agoo,AHL319
980,Agoo,AHL399
981,Agoo,AHM649
982,Agoo,AVR739
983,Agoo,BDM509
984,Agoo,BDY599
985,Agoo,BEL819
986,Agoo,CJJ269
987,Agoo,CMF589
988,Agoo,CNH609
989,Agoo,CPH469
990,Agoo,CRW659
991,Agoo,DLK649
992,Agoo,DLU879
993,Agoo,DNF789
994,Agoo,DPN169
995,Agoo,ETC999
996,Agoo,FEE759
997,Agoo,GEH579
998,Agoo,GHE799
999,Agoo,HAS689
1000,Agoo,LCC969
1001,Agoo,NBZ789
1002,Agoo,NCT169
1003,Agoo,NMO309
1004,Agoo,NQF439
1005,Agoo,NWQ379
1006,Agoo,PCO739
1007,Agoo,PGJ699
1008,Agoo,PGS869
1009,Agoo,PGT159
1010,Agoo,PJZ309
1011,Agoo,PKA239
1012,Agoo,PKA499
1013,Agoo,PKK439
1014,Agoo,PMD599
1015,Agoo,PMW999
1016,Agoo,POC889
1017,Agoo,PQD259
1018,Agoo,PQK879
1019,Agoo,PQV229
1020,Agoo,PRE839
1021,Agoo,PRF919
1022,Agoo,PRT949
1023,Agoo,PSP679
1024,Agoo,PSS959
1025,Agoo,PTQ789
1026,Agoo,PVI309
1027,Agoo,RAM469
1028,Agoo,RBB619
1029,Agoo,RBK789
1030,Agoo,RBL299
1031,Agoo,RBT839
1032,Agoo,RCF539
1033,Agoo,RCK899
1034,Agoo,RCS209
1035,Agoo,RCV499
1036,Agoo,RDD459
1037,Agoo,RDM539
1038,Agoo,RDU429
1039,Agoo,REN319
1040,Agoo,RFG769
1041,Agoo,RFN419
1042,Agoo,RFZ339
1043,Agoo,RFZ359
1044,Agoo,RGY379
1045,Agoo,RHC249
1046,Agoo,RKL919
1047,Agoo,RMP799
1048,Agoo,RNG819
1049,Agoo,RYB999
1050,Agoo,TAK629
1051,Agoo,TBQ239
1052,Agoo,TCI739
1053,Agoo,TCY149
1054,Agoo,TDE279
1055,Agoo,TDV959
1056,Agoo,TEH829
1057,Agoo,TFY669
1058,Agoo,TKD279
1059,Agoo,TLA219
1060,Agoo,TLO179
1061,Agoo,TLP999
1062,Agoo,TLZ579
1063,Agoo,TPR609
1064,Agoo,TRN129
1065,Agoo,TRN789
1066,Agoo,TRQ659
1067,Agoo,TSM349
1068,Agoo,TSM559
1069,Agoo,TSZ839
1070,Agoo,TTM409
1071,Agoo,UAB229
1072,Agoo,UBA129
1073,Agoo,UBP669
1074,Agoo,UBP709
1075,Agoo,UFA359
1076,Agoo,UFO219
1077,Agoo,UGY549
1078,Agoo,UKC219
1079,Agoo,ULA709
1080,Agoo,ULU409
1081,Agoo,ULZ299
1082,Agoo,UMD259
1083,Agoo,UMD899
1084,Agoo,UMK429
1085,Agoo,UNS109
1086,Agoo,URN839
1087,Agoo,USX829
1088,Agoo,UTB239
1089,Agoo,UUA509
1090,Agoo,UUU249
1091,Agoo,UUZ959
1092,Agoo,VAN529
1093,Agoo,VBA929
1094,Agoo,VBB989
1095,Agoo,VDF139
1096,Agoo,VEJ739
1097,Agoo,WAD439
1098,Agoo,WBG439
1099,Agoo,WBT639
1100,Agoo,WBV289
1101,Agoo,WBV879
1102,Agoo,WCW999
1103,Agoo,WCX229
1104,Agoo,WDW169
1105,Agoo,WDW379
1106,Agoo,WDY659
1107,Agoo,WEA159
1108,Agoo,WEA369
1109,Agoo,WEA929
1110,Agoo,WEG549
1111,Agoo,WFB759
1112,Agoo,WFN229
1113,Agoo,WFW659
1114,Agoo,WFW679
1115,Agoo,WFX499
1116,Agoo,WFY369
1117,Agoo,WIH829
1118,Agoo,WKD279
1119,Agoo,WKP369
1120,Agoo,WLZ539
1121,Agoo,WMZ559
1122,Agoo,WNL749
1123,Agoo,WNZ539
1124,Agoo,WRT509
1125,Agoo,WSW919
1126,Agoo,XAA699
1127,Agoo,XBR399
1128,Agoo,XBW469
1129,Agoo,XCB429
1130,Agoo,XCG939
1131,Agoo,XCK499
1132,Agoo,XCR349
1133,Agoo,XCZ619
1134,Agoo,XDV459
1135,Agoo,XDX829
1136,Agoo,XDY689
1137,Agoo,XEC279
1138,Agoo,XFK639
1139,Agoo,XFL339
1140,Agoo,XFS729
1141,Agoo,XFU839
1142,Agoo,XGA359
1143,Agoo,XGE679
1144,Agoo,XGF819
1145,Agoo,XGF919
1146,Agoo,XHG309
1147,Agoo,XHN729
1148,Agoo,XJE749
1149,Agoo,XMB279
1150,Agoo,XMD319
1151,Agoo,XMP519
1152,Agoo,XPK319
1153,Agoo,XSP339
1154,Agoo,XTF809
1155,Agoo,XTT869
1156,Agoo,ZAP299
1157,Agoo,ZBK899
1158,Agoo,ZBN339
1159,Agoo,ZCB469
1160,Agoo,ZCE669
1161,Agoo,ZDL529
1162,Agoo,ZDW869
1163,Agoo,ZEE459
1164,Agoo,ZEK819
1165,Agoo,ZGE229
1166,Agoo,ZHP759
1167,Agoo,ZHW249
1168,Agoo,ZLN749
1169,Agoo,ZNG839
1170,Agoo,ZPH549
1171,Agoo,ZPW979
1172,Agoo,ZRU579
1173,Agoo,ZRV299
1174,Agoo,ZRW829
1175,Agoo,ZSZ329
1176,Agoo,ZTZ169